timeStamp,elapsed,label,responseCode,responseMessage,threadName,dataType,success,failureMessage,bytes,sentBytes,grpThreads,allThreads,URL,Latency,IdleTime,Connect
1620750317561,376,HTTP Request,200,OK,Users 1-1,text,true,,367,155,1,1,http://localhost:8080/?token=466636606&user=1964509942&conf=3,375,0,27
1620750317942,333,HTTP Request,200,OK,Users 1-1,text,true,,367,155,2,2,http://localhost:8080/?token=466636606&user=1964509942&conf=3,333,0,0
1620750318214,315,HTTP Request,200,OK,Users 1-2,text,true,,367,155,2,2,http://localhost:8080/?token=466636606&user=1964509942&conf=3,315,0,0
1620750318275,309,HTTP Request,200,OK,Users 1-1,text,true,,367,155,2,2,http://localhost:8080/?token=466636606&user=1964509942&conf=3,309,0,0
1620750318529,311,HTTP Request,200,OK,Users 1-2,text,true,,367,155,2,2,http://localhost:8080/?token=466636606&user=1964509942&conf=3,311,0,0
1620750318584,312,HTTP Request,200,OK,Users 1-1,text,true,,367,155,2,2,http://localhost:8080/?token=466636606&user=1964509942&conf=3,312,0,0
1620750318841,311,HTTP Request,200,OK,Users 1-2,text,true,,367,155,3,3,http://localhost:8080/?token=466636606&user=1964509942&conf=3,311,0,0
1620750318897,315,HTTP Request,200,OK,Users 1-1,text,true,,367,155,3,3,http://localhost:8080/?token=466636606&user=1964509942&conf=3,315,0,0
1620750318923,326,HTTP Request,200,OK,Users 1-3,text,true,,367,155,3,3,http://localhost:8080/?token=466636606&user=1964509942&conf=3,326,0,2
1620750319165,327,HTTP Request,200,OK,Users 1-2,text,true,,367,155,3,3,http://localhost:8080/?token=466636606&user=1964509942&conf=3,327,0,0
1620750319218,314,HTTP Request,200,OK,Users 1-1,text,true,,367,155,3,3,http://localhost:8080/?token=466636606&user=1964509942&conf=3,314,0,0
1620750319249,315,HTTP Request,200,OK,Users 1-3,text,true,,367,155,3,3,http://localhost:8080/?token=466636606&user=1964509942&conf=3,315,0,0
1620750319511,319,HTTP Request,200,OK,Users 1-2,text,true,,367,155,4,4,http://localhost:8080/?token=466636606&user=1964509942&conf=3,319,0,0
1620750319540,380,HTTP Request,200,OK,Users 1-1,text,true,,367,155,4,4,http://localhost:8080/?token=466636606&user=1964509942&conf=3,380,0,0
1620750319571,349,HTTP Request,200,OK,Users 1-3,text,true,,367,155,4,4,http://localhost:8080/?token=466636606&user=1964509942&conf=3,349,0,0
1620750319650,366,HTTP Request,200,OK,Users 1-4,text,true,,367,155,4,4,http://localhost:8080/?token=466636606&user=1964509942&conf=3,366,0,1
1620750319945,328,HTTP Request,200,OK,Users 1-2,text,true,,367,155,4,4,http://localhost:8080/?token=466636606&user=1964509942&conf=3,328,0,0
1620750319971,321,HTTP Request,200,OK,Users 1-1,text,true,,367,155,4,4,http://localhost:8080/?token=466636606&user=1964509942&conf=3,321,0,0
1620750320001,345,HTTP Request,200,OK,Users 1-3,text,true,,367,155,5,5,http://localhost:8080/?token=466636606&user=1964509942&conf=3,345,0,0
1620750320081,321,HTTP Request,200,OK,Users 1-4,text,true,,367,155,5,5,http://localhost:8080/?token=466636606&user=1964509942&conf=3,321,0,0
1620750320374,330,HTTP Request,200,OK,Users 1-2,text,true,,367,155,5,5,http://localhost:8080/?token=466636606&user=1964509942&conf=3,330,0,0
1620750320363,347,HTTP Request,200,OK,Users 1-5,text,true,,367,155,5,5,http://localhost:8080/?token=466636606&user=1964509942&conf=3,347,0,1
1620750320401,328,HTTP Request,200,OK,Users 1-1,text,true,,367,155,5,5,http://localhost:8080/?token=466636606&user=1964509942&conf=3,328,0,0
1620750320537,328,HTTP Request,200,OK,Users 1-3,text,true,,367,155,5,5,http://localhost:8080/?token=466636606&user=1964509942&conf=3,328,0,0
1620750320620,341,HTTP Request,200,OK,Users 1-4,text,true,,367,155,5,5,http://localhost:8080/?token=466636606&user=1964509942&conf=3,341,0,0
1620750320886,327,HTTP Request,200,OK,Users 1-5,text,true,,367,155,6,6,http://localhost:8080/?token=466636606&user=1964509942&conf=3,327,0,0
1620750320910,330,HTTP Request,200,OK,Users 1-2,text,true,,367,155,6,6,http://localhost:8080/?token=466636606&user=1964509942&conf=3,330,0,0
1620750320936,351,HTTP Request,200,OK,Users 1-1,text,true,,367,155,6,6,http://localhost:8080/?token=466636606&user=1964509942&conf=3,351,0,0
1620750321076,334,HTTP Request,200,OK,Users 1-3,text,true,,367,155,6,6,http://localhost:8080/?token=466636606&user=1964509942&conf=3,334,0,0
1620750321073,337,HTTP Request,200,OK,Users 1-6,text,true,,367,155,6,6,http://localhost:8080/?token=466636606&user=1964509942&conf=3,337,0,2
1620750321154,330,HTTP Request,200,OK,Users 1-4,text,true,,367,155,6,6,http://localhost:8080/?token=466636606&user=1964509942&conf=3,330,0,0
1620750321529,334,HTTP Request,200,OK,Users 1-5,text,true,,367,155,7,7,http://localhost:8080/?token=466636606&user=1964509942&conf=3,334,0,0
1620750321577,420,HTTP Request,200,OK,Users 1-1,text,true,,367,155,7,7,http://localhost:8080/?token=466636606&user=1964509942&conf=3,420,0,0
1620750321553,444,HTTP Request,200,OK,Users 1-2,text,true,,367,155,7,7,http://localhost:8080/?token=466636606&user=1964509942&conf=3,444,0,0
1620750321712,334,HTTP Request,200,OK,Users 1-6,text,true,,367,155,7,7,http://localhost:8080/?token=466636606&user=1964509942&conf=3,334,0,0
1620750321719,335,HTTP Request,200,OK,Users 1-3,text,true,,367,155,7,7,http://localhost:8080/?token=466636606&user=1964509942&conf=3,335,0,0
1620750321781,342,HTTP Request,200,OK,Users 1-7,text,true,,367,155,7,7,http://localhost:8080/?token=466636606&user=1964509942&conf=3,342,0,1
1620750321796,339,HTTP Request,200,OK,Users 1-4,text,true,,367,155,7,7,http://localhost:8080/?token=466636606&user=1964509942&conf=3,339,0,0
1620750322279,372,HTTP Request,200,OK,Users 1-5,text,true,,367,155,8,8,http://localhost:8080/?token=466636606&user=1964509942&conf=3,372,0,0
1620750322303,350,HTTP Request,200,OK,Users 1-2,text,true,,367,155,8,8,http://localhost:8080/?token=466636606&user=1964509942&conf=3,350,0,0
1620750322328,348,HTTP Request,200,OK,Users 1-1,text,true,,367,155,8,8,http://localhost:8080/?token=466636606&user=1964509942&conf=3,348,0,0
1620750322469,349,HTTP Request,200,OK,Users 1-3,text,true,,367,155,8,8,http://localhost:8080/?token=466636606&user=1964509942&conf=3,349,0,0
1620750322458,360,HTTP Request,200,OK,Users 1-6,text,true,,367,155,8,8,http://localhost:8080/?token=466636606&user=1964509942&conf=3,360,0,0
1620750322545,361,HTTP Request,200,OK,Users 1-4,text,true,,367,155,8,8,http://localhost:8080/?token=466636606&user=1964509942&conf=3,360,0,0
1620750322529,376,HTTP Request,200,OK,Users 1-7,text,true,,367,155,8,8,http://localhost:8080/?token=466636606&user=1964509942&conf=3,376,0,0
1620750322489,416,HTTP Request,200,OK,Users 1-8,text,true,,367,155,8,8,http://localhost:8080/?token=466636606&user=1964509942&conf=3,416,0,1
1620750323132,361,HTTP Request,200,OK,Users 1-5,text,true,,367,155,9,9,http://localhost:8080/?token=466636606&user=1964509942&conf=3,361,0,0
1620750323159,371,HTTP Request,200,OK,Users 1-2,text,true,,367,155,9,9,http://localhost:8080/?token=466636606&user=1964509942&conf=3,371,0,0
1620750323187,346,HTTP Request,200,OK,Users 1-1,text,true,,367,155,9,9,http://localhost:8080/?token=466636606&user=1964509942&conf=3,346,0,0
1620750323202,364,HTTP Request,200,OK,Users 1-9,text,true,,367,155,9,9,http://localhost:8080/?token=466636606&user=1964509942&conf=3,364,0,1
1620750323318,354,HTTP Request,200,OK,Users 1-6,text,true,,367,155,9,9,http://localhost:8080/?token=466636606&user=1964509942&conf=3,354,0,0
1620750323327,353,HTTP Request,200,OK,Users 1-3,text,true,,367,155,9,9,http://localhost:8080/?token=466636606&user=1964509942&conf=3,353,0,0
1620750323349,350,HTTP Request,200,OK,Users 1-8,text,true,,367,155,9,9,http://localhost:8080/?token=466636606&user=1964509942&conf=3,350,0,0
1620750323383,355,HTTP Request,200,OK,Users 1-7,text,true,,367,155,9,9,http://localhost:8080/?token=466636606&user=1964509942&conf=3,355,0,0
1620750323404,407,HTTP Request,200,OK,Users 1-4,text,true,,367,155,9,9,http://localhost:8080/?token=466636606&user=1964509942&conf=3,407,0,0
1620750323919,408,HTTP Request,200,OK,Users 1-10,text,true,,367,155,10,10,http://localhost:8080/?token=466636606&user=1964509942&conf=3,408,0,1
1620750324095,377,HTTP Request,200,OK,Users 1-5,text,true,,367,155,10,10,http://localhost:8080/?token=466636606&user=1964509942&conf=3,377,0,0
1620750324124,356,HTTP Request,200,OK,Users 1-2,text,true,,367,155,10,10,http://localhost:8080/?token=466636606&user=1964509942&conf=3,356,0,0
1620750324151,359,HTTP Request,200,OK,Users 1-1,text,true,,367,155,10,10,http://localhost:8080/?token=466636606&user=1964509942&conf=3,359,0,0
1620750324169,373,HTTP Request,200,OK,Users 1-9,text,true,,367,155,10,10,http://localhost:8080/?token=466636606&user=1964509942&conf=3,373,0,0
1620750324281,359,HTTP Request,200,OK,Users 1-6,text,true,,367,155,10,10,http://localhost:8080/?token=466636606&user=1964509942&conf=3,359,0,0
1620750324290,361,HTTP Request,200,OK,Users 1-3,text,true,,367,155,10,10,http://localhost:8080/?token=466636606&user=1964509942&conf=3,361,0,0
1620750324314,368,HTTP Request,200,OK,Users 1-8,text,true,,367,155,11,11,http://localhost:8080/?token=466636606&user=1964509942&conf=3,368,0,0
1620750324365,415,HTTP Request,200,OK,Users 1-4,text,true,,367,155,11,11,http://localhost:8080/?token=466636606&user=1964509942&conf=3,415,0,0
1620750324350,430,HTTP Request,200,OK,Users 1-7,text,true,,367,155,11,11,http://localhost:8080/?token=466636606&user=1964509942&conf=3,430,0,0
1620750324661,409,HTTP Request,200,OK,Users 1-11,text,true,,367,155,11,11,http://localhost:8080/?token=466636606&user=1964509942&conf=3,409,0,1
1620750324989,367,HTTP Request,200,OK,Users 1-10,text,true,,367,155,11,11,http://localhost:8080/?token=466636606&user=1964509942&conf=3,367,0,0
1620750325171,374,HTTP Request,200,OK,Users 1-5,text,true,,367,155,12,12,http://localhost:8080/?token=466636606&user=1964509942&conf=3,374,0,0
1620750325222,370,HTTP Request,200,OK,Users 1-1,text,true,,367,155,12,12,http://localhost:8080/?token=466636606&user=1964509942&conf=3,370,0,0
1620750325195,397,HTTP Request,200,OK,Users 1-2,text,true,,367,155,12,12,http://localhost:8080/?token=466636606&user=1964509942&conf=3,397,0,0
1620750325241,387,HTTP Request,200,OK,Users 1-9,text,true,,367,155,12,12,http://localhost:8080/?token=466636606&user=1964509942&conf=3,387,0,0
1620750325351,375,HTTP Request,200,OK,Users 1-6,text,true,,367,155,12,12,http://localhost:8080/?token=466636606&user=1964509942&conf=3,375,0,0
1620750325361,376,HTTP Request,200,OK,Users 1-3,text,true,,367,155,12,12,http://localhost:8080/?token=466636606&user=1964509942&conf=3,376,0,0
1620750325360,387,HTTP Request,200,OK,Users 1-12,text,true,,367,155,12,12,http://localhost:8080/?token=466636606&user=1964509942&conf=3,387,0,0
1620750325490,408,HTTP Request,200,OK,Users 1-8,text,true,,367,155,12,12,http://localhost:8080/?token=466636606&user=1964509942&conf=3,408,0,0
1620750325547,379,HTTP Request,200,OK,Users 1-4,text,true,,367,155,12,12,http://localhost:8080/?token=466636606&user=1964509942&conf=3,379,0,0
1620750325529,397,HTTP Request,200,OK,Users 1-7,text,true,,367,155,12,12,http://localhost:8080/?token=466636606&user=1964509942&conf=3,397,0,0
1620750325843,385,HTTP Request,200,OK,Users 1-11,text,true,,367,155,13,13,http://localhost:8080/?token=466636606&user=1964509942&conf=3,385,0,0
1620750326077,394,HTTP Request,200,OK,Users 1-13,text,true,,367,155,13,13,http://localhost:8080/?token=466636606&user=1964509942&conf=3,394,0,1
1620750326167,379,HTTP Request,200,OK,Users 1-10,text,true,,367,155,13,13,http://localhost:8080/?token=466636606&user=1964509942&conf=3,379,0,0
1620750326457,391,HTTP Request,200,OK,Users 1-5,text,true,,367,155,14,14,http://localhost:8080/?token=466636606&user=1964509942&conf=3,391,0,0
1620750326481,405,HTTP Request,200,OK,Users 1-2,text,true,,367,155,14,14,http://localhost:8080/?token=466636606&user=1964509942&conf=3,405,0,0
1620750326508,385,HTTP Request,200,OK,Users 1-1,text,true,,367,155,14,14,http://localhost:8080/?token=466636606&user=1964509942&conf=3,385,0,0
1620750326527,385,HTTP Request,200,OK,Users 1-9,text,true,,367,155,14,14,http://localhost:8080/?token=466636606&user=1964509942&conf=3,385,0,0
1620750326639,387,HTTP Request,200,OK,Users 1-6,text,true,,367,155,14,14,http://localhost:8080/?token=466636606&user=1964509942&conf=3,387,0,0
1620750326647,386,HTTP Request,200,OK,Users 1-3,text,true,,367,155,14,14,http://localhost:8080/?token=466636606&user=1964509942&conf=3,386,0,0
1620750326650,388,HTTP Request,200,OK,Users 1-12,text,true,,367,155,14,14,http://localhost:8080/?token=466636606&user=1964509942&conf=3,388,0,0
1620750326778,406,HTTP Request,200,OK,Users 1-8,text,true,,367,155,14,14,http://localhost:8080/?token=466636606&user=1964509942&conf=3,406,0,0
1620750326795,401,HTTP Request,200,OK,Users 1-14,text,true,,367,155,14,14,http://localhost:8080/?token=466636606&user=1964509942&conf=3,401,0,2
1620750326813,394,HTTP Request,200,OK,Users 1-7,text,true,,367,155,14,14,http://localhost:8080/?token=466636606&user=1964509942&conf=3,394,0,0
1620750326834,394,HTTP Request,200,OK,Users 1-4,text,true,,367,155,14,14,http://localhost:8080/?token=466636606&user=1964509942&conf=3,394,0,0
1620750327236,393,HTTP Request,200,OK,Users 1-11,text,true,,367,155,14,14,http://localhost:8080/?token=466636606&user=1964509942&conf=3,393,0,0
1620750327466,478,HTTP Request,200,OK,Users 1-13,text,true,,367,155,14,14,http://localhost:8080/?token=466636606&user=1964509942&conf=3,478,0,0
1620750327565,400,HTTP Request,200,OK,Users 1-10,text,true,,367,155,14,14,http://localhost:8080/?token=466636606&user=1964509942&conf=3,400,0,0
1620750327957,468,HTTP Request,200,OK,Users 1-5,text,true,,367,155,14,14,http://localhost:8080/?token=466636606&user=1964509942&conf=3,468,0,0
1620750328008,420,HTTP Request,200,OK,Users 1-1,text,true,,367,155,14,14,http://localhost:8080/?token=466636606&user=1964509942&conf=3,420,0,0
1620750327981,447,HTTP Request,200,OK,Users 1-2,text,true,,367,155,14,14,http://localhost:8080/?token=466636606&user=1964509942&conf=3,447,0,0
1620750328027,401,HTTP Request,200,OK,Users 1-9,text,true,,367,155,14,14,http://localhost:8080/?token=466636606&user=1964509942&conf=3,401,0,0
1620750328139,444,HTTP Request,200,OK,Users 1-6,text,true,,367,155,14,14,http://localhost:8080/?token=466636606&user=1964509942&conf=3,444,0,0
1620750328150,433,HTTP Request,200,OK,Users 1-12,text,true,,367,155,14,14,http://localhost:8080/?token=466636606&user=1964509942&conf=3,433,0,0
1620750328147,436,HTTP Request,200,OK,Users 1-3,text,true,,367,155,14,14,http://localhost:8080/?token=466636606&user=1964509942&conf=3,436,0,0
1620750328278,408,HTTP Request,200,OK,Users 1-8,text,true,,367,155,14,14,http://localhost:8080/?token=466636606&user=1964509942&conf=3,408,0,0
1620750328288,408,HTTP Request,200,OK,Users 1-14,text,true,,367,155,14,14,http://localhost:8080/?token=466636606&user=1964509942&conf=3,408,0,0
1620750328316,405,HTTP Request,200,OK,Users 1-7,text,true,,367,155,14,14,http://localhost:8080/?token=466636606&user=1964509942&conf=3,405,0,0
1620750328334,406,HTTP Request,200,OK,Users 1-4,text,true,,367,155,14,14,http://localhost:8080/?token=466636606&user=1964509942&conf=3,406,0,0
1620750328736,409,HTTP Request,200,OK,Users 1-11,text,true,,367,155,14,14,http://localhost:8080/?token=466636606&user=1964509942&conf=3,409,0,0
1620750328965,406,HTTP Request,200,OK,Users 1-13,text,true,,367,155,14,14,http://localhost:8080/?token=466636606&user=1964509942&conf=3,406,0,0
1620750329062,404,HTTP Request,200,OK,Users 1-10,text,true,,367,155,14,14,http://localhost:8080/?token=466636606&user=1964509942&conf=3,404,0,0
1620750329457,405,HTTP Request,200,OK,Users 1-5,text,true,,367,155,14,14,http://localhost:8080/?token=466636606&user=1964509942&conf=3,405,0,0
1620750329478,402,HTTP Request,200,OK,Users 1-2,text,true,,367,155,14,14,http://localhost:8080/?token=466636606&user=1964509942&conf=3,402,0,0
1620750329508,405,HTTP Request,200,OK,Users 1-1,text,true,,367,155,14,14,http://localhost:8080/?token=466636606&user=1964509942&conf=3,405,0,0
1620750329527,410,HTTP Request,200,OK,Users 1-9,text,true,,367,155,14,14,http://localhost:8080/?token=466636606&user=1964509942&conf=3,410,0,0
1620750329637,403,HTTP Request,200,OK,Users 1-6,text,true,,367,155,14,14,http://localhost:8080/?token=466636606&user=1964509942&conf=3,403,0,0
1620750329647,405,HTTP Request,200,OK,Users 1-3,text,true,,367,155,14,14,http://localhost:8080/?token=466636606&user=1964509942&conf=3,405,0,0
1620750329650,408,HTTP Request,200,OK,Users 1-12,text,true,,367,155,14,14,http://localhost:8080/?token=466636606&user=1964509942&conf=3,408,0,0
1620750329778,411,HTTP Request,200,OK,Users 1-8,text,true,,367,155,14,14,http://localhost:8080/?token=466636606&user=1964509942&conf=3,410,0,0
1620750329786,405,HTTP Request,200,OK,Users 1-14,text,true,,367,155,14,14,http://localhost:8080/?token=466636606&user=1964509942&conf=3,405,0,0
1620750329812,407,HTTP Request,200,OK,Users 1-7,text,true,,367,155,14,14,http://localhost:8080/?token=466636606&user=1964509942&conf=3,407,0,0
1620750329831,412,HTTP Request,200,OK,Users 1-4,text,true,,367,155,14,14,http://localhost:8080/?token=466636606&user=1964509942&conf=3,412,0,0
1620750330235,410,HTTP Request,200,OK,Users 1-11,text,true,,367,155,14,14,http://localhost:8080/?token=466636606&user=1964509942&conf=3,410,0,0
1620750330463,439,HTTP Request,200,OK,Users 1-13,text,true,,367,155,14,14,http://localhost:8080/?token=466636606&user=1964509942&conf=3,439,0,0
1620750330561,402,HTTP Request,200,OK,Users 1-10,text,true,,367,155,14,14,http://localhost:8080/?token=466636606&user=1964509942&conf=3,402,0,0
1620750330956,398,HTTP Request,200,OK,Users 1-5,text,true,,367,155,14,14,http://localhost:8080/?token=466636606&user=1964509942&conf=3,398,0,0
1620750330980,399,HTTP Request,200,OK,Users 1-2,text,true,,367,155,14,14,http://localhost:8080/?token=466636606&user=1964509942&conf=3,399,0,0
1620750331003,401,HTTP Request,200,OK,Users 1-1,text,true,,367,155,14,14,http://localhost:8080/?token=466636606&user=1964509942&conf=3,401,0,0
1620750331023,401,HTTP Request,200,OK,Users 1-9,text,true,,367,155,14,14,http://localhost:8080/?token=466636606&user=1964509942&conf=3,401,0,0
1620750331137,406,HTTP Request,200,OK,Users 1-6,text,true,,367,155,14,14,http://localhost:8080/?token=466636606&user=1964509942&conf=3,406,0,0
1620750331148,403,HTTP Request,200,OK,Users 1-3,text,true,,367,155,14,14,http://localhost:8080/?token=466636606&user=1964509942&conf=3,403,0,0
1620750331148,405,HTTP Request,200,OK,Users 1-12,text,true,,367,155,14,14,http://localhost:8080/?token=466636606&user=1964509942&conf=3,405,0,0
1620750331278,418,HTTP Request,200,OK,Users 1-8,text,true,,367,155,14,14,http://localhost:8080/?token=466636606&user=1964509942&conf=3,418,0,0
1620750331288,408,HTTP Request,200,OK,Users 1-14,text,true,,367,155,14,14,http://localhost:8080/?token=466636606&user=1964509942&conf=3,408,0,0
1620750331315,405,HTTP Request,200,OK,Users 1-7,text,true,,367,155,14,14,http://localhost:8080/?token=466636606&user=1964509942&conf=3,405,0,0
1620750331334,408,HTTP Request,200,OK,Users 1-4,text,true,,367,155,14,14,http://localhost:8080/?token=466636606&user=1964509942&conf=3,408,0,0
1620750331736,404,HTTP Request,200,OK,Users 1-11,text,true,,367,155,14,14,http://localhost:8080/?token=466636606&user=1964509942&conf=3,403,0,0
1620750331962,485,HTTP Request,200,OK,Users 1-13,text,true,,367,155,14,14,http://localhost:8080/?token=466636606&user=1964509942&conf=3,485,0,0
1620750332061,402,HTTP Request,200,OK,Users 1-10,text,true,,367,155,14,14,http://localhost:8080/?token=466636606&user=1964509942&conf=3,402,0,0
1620750332457,404,HTTP Request,200,OK,Users 1-5,text,true,,367,155,14,14,http://localhost:8080/?token=466636606&user=1964509942&conf=3,404,0,0
1620750332481,397,HTTP Request,200,OK,Users 1-2,text,true,,367,155,14,14,http://localhost:8080/?token=466636606&user=1964509942&conf=3,397,0,0
1620750332508,400,HTTP Request,200,OK,Users 1-1,text,true,,367,155,14,14,http://localhost:8080/?token=466636606&user=1964509942&conf=3,400,0,0
1620750332527,419,HTTP Request,200,OK,Users 1-9,text,true,,367,155,14,14,http://localhost:8080/?token=466636606&user=1964509942&conf=3,419,0,0
1620750332639,401,HTTP Request,200,OK,Users 1-6,text,true,,367,155,14,14,http://localhost:8080/?token=466636606&user=1964509942&conf=3,401,0,0
1620750332648,401,HTTP Request,200,OK,Users 1-12,text,true,,367,155,14,14,http://localhost:8080/?token=466636606&user=1964509942&conf=3,401,0,0
1620750332648,401,HTTP Request,200,OK,Users 1-3,text,true,,367,155,14,14,http://localhost:8080/?token=466636606&user=1964509942&conf=3,401,0,0
1620750332814,408,HTTP Request,200,OK,Users 1-7,text,true,,367,155,14,14,http://localhost:8080/?token=466636606&user=1964509942&conf=3,408,0,0
1620750332779,443,HTTP Request,200,OK,Users 1-8,text,true,,367,155,14,14,http://localhost:8080/?token=466636606&user=1964509942&conf=3,443,0,0
1620750332788,434,HTTP Request,200,OK,Users 1-14,text,true,,367,155,14,14,http://localhost:8080/?token=466636606&user=1964509942&conf=3,434,0,0
1620750332834,407,HTTP Request,200,OK,Users 1-4,text,true,,367,155,14,14,http://localhost:8080/?token=466636606&user=1964509942&conf=3,407,0,0
1620750333232,403,HTTP Request,200,OK,Users 1-11,text,true,,367,155,14,14,http://localhost:8080/?token=466636606&user=1964509942&conf=3,403,0,0
1620750333466,500,HTTP Request,200,OK,Users 1-13,text,true,,367,155,14,14,http://localhost:8080/?token=466636606&user=1964509942&conf=3,500,0,0
1620750333563,407,HTTP Request,200,OK,Users 1-10,text,true,,367,155,14,14,http://localhost:8080/?token=466636606&user=1964509942&conf=3,407,0,0
1620750333953,409,HTTP Request,200,OK,Users 1-5,text,true,,367,155,14,14,http://localhost:8080/?token=466636606&user=1964509942&conf=3,409,0,0
1620750333981,398,HTTP Request,200,OK,Users 1-2,text,true,,367,155,14,14,http://localhost:8080/?token=466636606&user=1964509942&conf=3,398,0,0
1620750334004,400,HTTP Request,200,OK,Users 1-1,text,true,,367,155,14,14,http://localhost:8080/?token=466636606&user=1964509942&conf=3,400,0,0
1620750334024,407,HTTP Request,200,OK,Users 1-9,text,true,,367,155,14,14,http://localhost:8080/?token=466636606&user=1964509942&conf=3,407,0,0
1620750334139,413,HTTP Request,200,OK,Users 1-6,text,true,,367,155,14,14,http://localhost:8080/?token=466636606&user=1964509942&conf=3,413,0,0
1620750334147,405,HTTP Request,200,OK,Users 1-3,text,true,,367,155,14,14,http://localhost:8080/?token=466636606&user=1964509942&conf=3,405,0,0
1620750334150,405,HTTP Request,200,OK,Users 1-12,text,true,,367,155,14,14,http://localhost:8080/?token=466636606&user=1964509942&conf=3,405,0,0
1620750334278,402,HTTP Request,200,OK,Users 1-8,text,true,,367,155,14,14,http://localhost:8080/?token=466636606&user=1964509942&conf=3,402,0,0
1620750334288,402,HTTP Request,200,OK,Users 1-14,text,true,,367,155,14,14,http://localhost:8080/?token=466636606&user=1964509942&conf=3,402,0,0
1620750334315,403,HTTP Request,200,OK,Users 1-7,text,true,,367,155,14,14,http://localhost:8080/?token=466636606&user=1964509942&conf=3,403,0,0
1620750334334,404,HTTP Request,200,OK,Users 1-4,text,true,,367,155,14,14,http://localhost:8080/?token=466636606&user=1964509942&conf=3,404,0,0
1620750334736,419,HTTP Request,200,OK,Users 1-11,text,true,,367,155,14,14,http://localhost:8080/?token=466636606&user=1964509942&conf=3,419,0,0
1620750334964,442,HTTP Request,200,OK,Users 1-13,text,true,,367,155,14,14,http://localhost:8080/?token=466636606&user=1964509942&conf=3,441,0,0
1620750335060,406,HTTP Request,200,OK,Users 1-10,text,true,,367,155,14,14,http://localhost:8080/?token=466636606&user=1964509942&conf=3,406,0,0
1620750335457,400,HTTP Request,200,OK,Users 1-5,text,true,,367,155,14,14,http://localhost:8080/?token=466636606&user=1964509942&conf=3,400,0,0
1620750335481,395,HTTP Request,200,OK,Users 1-2,text,true,,367,155,14,14,http://localhost:8080/?token=466636606&user=1964509942&conf=3,395,0,0
1620750335505,400,HTTP Request,200,OK,Users 1-1,text,true,,367,155,14,14,http://localhost:8080/?token=466636606&user=1964509942&conf=3,400,0,0
1620750335527,396,HTTP Request,200,OK,Users 1-9,text,true,,367,155,14,14,http://localhost:8080/?token=466636606&user=1964509942&conf=3,396,0,0
1620750335639,397,HTTP Request,200,OK,Users 1-6,text,true,,367,155,14,14,http://localhost:8080/?token=466636606&user=1964509942&conf=3,397,0,0
1620750335647,417,HTTP Request,200,OK,Users 1-3,text,true,,367,155,14,14,http://localhost:8080/?token=466636606&user=1964509942&conf=3,417,0,0
1620750335647,419,HTTP Request,200,OK,Users 1-12,text,true,,367,155,14,14,http://localhost:8080/?token=466636606&user=1964509942&conf=3,419,0,0
1620750335778,399,HTTP Request,200,OK,Users 1-8,text,true,,367,155,14,14,http://localhost:8080/?token=466636606&user=1964509942&conf=3,399,0,0
1620750335787,403,HTTP Request,200,OK,Users 1-14,text,true,,367,155,14,14,http://localhost:8080/?token=466636606&user=1964509942&conf=3,403,0,0
1620750335811,426,HTTP Request,200,OK,Users 1-7,text,true,,367,155,14,14,http://localhost:8080/?token=466636606&user=1964509942&conf=3,426,0,0
1620750335832,405,HTTP Request,200,OK,Users 1-4,text,true,,367,155,14,14,http://localhost:8080/?token=466636606&user=1964509942&conf=3,405,0,0
1620750336236,401,HTTP Request,200,OK,Users 1-11,text,true,,367,155,14,14,http://localhost:8080/?token=466636606&user=1964509942&conf=3,401,0,0
1620750336466,404,HTTP Request,200,OK,Users 1-13,text,true,,367,155,14,14,http://localhost:8080/?token=466636606&user=1964509942&conf=3,404,0,0
1620750336566,409,HTTP Request,200,OK,Users 1-10,text,true,,367,155,14,14,http://localhost:8080/?token=466636606&user=1964509942&conf=3,409,0,0
1620750336957,404,HTTP Request,200,OK,Users 1-5,text,true,,367,155,14,14,http://localhost:8080/?token=466636606&user=1964509942&conf=3,404,0,0
1620750336981,396,HTTP Request,200,OK,Users 1-2,text,true,,367,155,14,14,http://localhost:8080/?token=466636606&user=1964509942&conf=3,396,0,0
1620750337008,432,HTTP Request,200,OK,Users 1-1,text,true,,367,155,14,14,http://localhost:8080/?token=466636606&user=1964509942&conf=3,432,0,0
1620750337022,418,HTTP Request,200,OK,Users 1-9,text,true,,367,155,14,14,http://localhost:8080/?token=466636606&user=1964509942&conf=3,418,0,0
1620750337145,410,HTTP Request,200,OK,Users 1-3,text,true,,367,155,14,14,http://localhost:8080/?token=466636606&user=1964509942&conf=3,410,0,0
1620750337150,406,HTTP Request,200,OK,Users 1-12,text,true,,367,155,14,14,http://localhost:8080/?token=466636606&user=1964509942&conf=3,406,0,0
1620750337137,419,HTTP Request,200,OK,Users 1-6,text,true,,367,155,14,14,http://localhost:8080/?token=466636606&user=1964509942&conf=3,419,0,0
1620750337277,401,HTTP Request,200,OK,Users 1-8,text,true,,367,155,14,14,http://localhost:8080/?token=466636606&user=1964509942&conf=3,401,0,0
1620750337287,403,HTTP Request,200,OK,Users 1-14,text,true,,367,155,14,14,http://localhost:8080/?token=466636606&user=1964509942&conf=3,403,0,0
1620750337315,412,HTTP Request,200,OK,Users 1-7,text,true,,367,155,14,14,http://localhost:8080/?token=466636606&user=1964509942&conf=3,412,0,0
1620750337329,409,HTTP Request,200,OK,Users 1-4,text,true,,367,155,14,14,http://localhost:8080/?token=466636606&user=1964509942&conf=3,409,0,0
1620750337737,401,HTTP Request,200,OK,Users 1-11,text,true,,367,155,14,14,http://localhost:8080/?token=466636606&user=1964509942&conf=3,401,0,0
1620750337965,404,HTTP Request,200,OK,Users 1-13,text,true,,367,155,14,14,http://localhost:8080/?token=466636606&user=1964509942&conf=3,404,0,0
1620750338061,397,HTTP Request,200,OK,Users 1-10,text,true,,367,155,14,14,http://localhost:8080/?token=466636606&user=1964509942&conf=3,397,0,0
1620750338457,413,HTTP Request,200,OK,Users 1-5,text,true,,367,155,14,14,http://localhost:8080/?token=466636606&user=1964509942&conf=3,413,0,0
1620750338480,392,HTTP Request,200,OK,Users 1-2,text,true,,367,155,14,14,http://localhost:8080/?token=466636606&user=1964509942&conf=3,392,0,0
1620750338505,395,HTTP Request,200,OK,Users 1-1,text,true,,367,155,14,14,http://localhost:8080/?token=466636606&user=1964509942&conf=3,395,0,0
1620750338528,395,HTTP Request,200,OK,Users 1-9,text,true,,367,155,14,14,http://localhost:8080/?token=466636606&user=1964509942&conf=3,395,0,0
1620750338644,395,HTTP Request,200,OK,Users 1-3,text,true,,367,155,14,14,http://localhost:8080/?token=466636606&user=1964509942&conf=3,395,0,0
1620750338636,403,HTTP Request,200,OK,Users 1-6,text,true,,367,155,14,14,http://localhost:8080/?token=466636606&user=1964509942&conf=3,403,0,0
1620750338648,402,HTTP Request,200,OK,Users 1-12,text,true,,367,155,14,14,http://localhost:8080/?token=466636606&user=1964509942&conf=3,402,0,0
1620750338784,398,HTTP Request,200,OK,Users 1-14,text,true,,367,155,14,14,http://localhost:8080/?token=466636606&user=1964509942&conf=3,398,0,0
1620750338778,404,HTTP Request,200,OK,Users 1-8,text,true,,367,155,14,14,http://localhost:8080/?token=466636606&user=1964509942&conf=3,404,0,0
1620750338813,400,HTTP Request,200,OK,Users 1-7,text,true,,367,155,14,14,http://localhost:8080/?token=466636606&user=1964509942&conf=3,400,0,0
1620750338830,401,HTTP Request,200,OK,Users 1-4,text,true,,367,155,14,14,http://localhost:8080/?token=466636606&user=1964509942&conf=3,401,0,0
1620750339235,400,HTTP Request,200,OK,Users 1-11,text,true,,367,155,14,14,http://localhost:8080/?token=466636606&user=1964509942&conf=3,400,0,0
1620750339466,507,HTTP Request,200,OK,Users 1-13,text,true,,367,155,14,14,http://localhost:8080/?token=466636606&user=1964509942&conf=3,507,0,0
1620750339565,419,HTTP Request,200,OK,Users 1-10,text,true,,367,155,14,14,http://localhost:8080/?token=466636606&user=1964509942&conf=3,419,0,0
1620750339955,404,HTTP Request,200,OK,Users 1-5,text,true,,367,155,14,14,http://localhost:8080/?token=466636606&user=1964509942&conf=3,404,0,0
1620750339981,396,HTTP Request,200,OK,Users 1-2,text,true,,367,155,14,14,http://localhost:8080/?token=466636606&user=1964509942&conf=3,396,0,0
1620750340008,392,HTTP Request,200,OK,Users 1-1,text,true,,367,155,14,14,http://localhost:8080/?token=466636606&user=1964509942&conf=3,392,0,0
1620750340024,398,HTTP Request,200,OK,Users 1-9,text,true,,367,155,14,14,http://localhost:8080/?token=466636606&user=1964509942&conf=3,398,0,0
1620750340138,394,HTTP Request,200,OK,Users 1-6,text,true,,367,155,14,14,http://localhost:8080/?token=466636606&user=1964509942&conf=3,394,0,0
1620750340145,396,HTTP Request,200,OK,Users 1-3,text,true,,367,155,14,14,http://localhost:8080/?token=466636606&user=1964509942&conf=3,396,0,0
1620750340149,400,HTTP Request,200,OK,Users 1-12,text,true,,367,155,14,14,http://localhost:8080/?token=466636606&user=1964509942&conf=3,399,0,0
1620750340277,413,HTTP Request,200,OK,Users 1-8,text,true,,367,155,14,14,http://localhost:8080/?token=466636606&user=1964509942&conf=3,413,0,0
1620750340288,402,HTTP Request,200,OK,Users 1-14,text,true,,367,155,14,14,http://localhost:8080/?token=466636606&user=1964509942&conf=3,402,0,0
1620750340314,401,HTTP Request,200,OK,Users 1-7,text,true,,367,155,14,14,http://localhost:8080/?token=466636606&user=1964509942&conf=3,401,0,0
1620750340330,401,HTTP Request,200,OK,Users 1-4,text,true,,367,155,14,14,http://localhost:8080/?token=466636606&user=1964509942&conf=3,400,0,0
1620750340736,402,HTTP Request,200,OK,Users 1-11,text,true,,367,155,14,14,http://localhost:8080/?token=466636606&user=1964509942&conf=3,402,0,0
1620750340964,500,HTTP Request,200,OK,Users 1-13,text,true,,367,155,14,14,http://localhost:8080/?token=466636606&user=1964509942&conf=3,500,0,0
1620750341062,402,HTTP Request,200,OK,Users 1-10,text,true,,367,155,14,14,http://localhost:8080/?token=466636606&user=1964509942&conf=3,402,0,0
1620750341452,398,HTTP Request,200,OK,Users 1-5,text,true,,367,155,14,14,http://localhost:8080/?token=466636606&user=1964509942&conf=3,398,0,0
1620750341478,393,HTTP Request,200,OK,Users 1-2,text,true,,367,155,14,14,http://localhost:8080/?token=466636606&user=1964509942&conf=3,393,0,0
1620750341505,406,HTTP Request,200,OK,Users 1-1,text,true,,367,155,14,14,http://localhost:8080/?token=466636606&user=1964509942&conf=3,406,0,0
1620750341524,395,HTTP Request,200,OK,Users 1-9,text,true,,367,155,14,14,http://localhost:8080/?token=466636606&user=1964509942&conf=3,394,0,0
1620750341636,401,HTTP Request,200,OK,Users 1-6,text,true,,367,155,14,14,http://localhost:8080/?token=466636606&user=1964509942&conf=3,401,0,0
1620750341646,406,HTTP Request,200,OK,Users 1-12,text,true,,367,155,14,14,http://localhost:8080/?token=466636606&user=1964509942&conf=3,406,0,0
1620750341645,407,HTTP Request,200,OK,Users 1-3,text,true,,367,155,14,14,http://localhost:8080/?token=466636606&user=1964509942&conf=3,407,0,0
1620750341778,402,HTTP Request,200,OK,Users 1-8,text,true,,367,155,14,14,http://localhost:8080/?token=466636606&user=1964509942&conf=3,402,0,0
1620750341787,397,HTTP Request,200,OK,Users 1-14,text,true,,367,155,14,14,http://localhost:8080/?token=466636606&user=1964509942&conf=3,397,0,0
1620750341813,402,HTTP Request,200,OK,Users 1-7,text,true,,367,155,14,14,http://localhost:8080/?token=466636606&user=1964509942&conf=3,402,0,0
1620750341831,407,HTTP Request,200,OK,Users 1-4,text,true,,367,155,14,14,http://localhost:8080/?token=466636606&user=1964509942&conf=3,407,0,0
1620750342240,409,HTTP Request,200,OK,Users 1-11,text,true,,367,155,14,14,http://localhost:8080/?token=466636606&user=1964509942&conf=3,409,0,0
1620750342466,415,HTTP Request,200,OK,Users 1-13,text,true,,367,155,14,14,http://localhost:8080/?token=466636606&user=1964509942&conf=3,415,0,0
1620750342565,401,HTTP Request,200,OK,Users 1-10,text,true,,367,155,14,14,http://localhost:8080/?token=466636606&user=1964509942&conf=3,401,0,0
1620750342954,391,HTTP Request,200,OK,Users 1-5,text,true,,367,155,14,14,http://localhost:8080/?token=466636606&user=1964509942&conf=3,391,0,0
1620750342981,390,HTTP Request,200,OK,Users 1-2,text,true,,367,155,14,14,http://localhost:8080/?token=466636606&user=1964509942&conf=3,390,0,0
1620750343006,392,HTTP Request,200,OK,Users 1-1,text,true,,367,155,14,14,http://localhost:8080/?token=466636606&user=1964509942&conf=3,392,0,0
1620750343026,397,HTTP Request,200,OK,Users 1-9,text,true,,367,155,14,14,http://localhost:8080/?token=466636606&user=1964509942&conf=3,397,0,0
1620750343137,403,HTTP Request,200,OK,Users 1-6,text,true,,367,155,14,14,http://localhost:8080/?token=466636606&user=1964509942&conf=3,403,0,0
1620750343147,417,HTTP Request,200,OK,Users 1-3,text,true,,367,155,14,14,http://localhost:8080/?token=466636606&user=1964509942&conf=3,417,0,0
1620750343147,420,HTTP Request,200,OK,Users 1-12,text,true,,367,155,14,14,http://localhost:8080/?token=466636606&user=1964509942&conf=3,420,0,0
1620750343278,397,HTTP Request,200,OK,Users 1-8,text,true,,367,155,14,14,http://localhost:8080/?token=466636606&user=1964509942&conf=3,397,0,0
1620750343287,399,HTTP Request,200,OK,Users 1-14,text,true,,367,155,14,14,http://localhost:8080/?token=466636606&user=1964509942&conf=3,399,0,0
1620750343312,401,HTTP Request,200,OK,Users 1-7,text,true,,367,155,14,14,http://localhost:8080/?token=466636606&user=1964509942&conf=3,401,0,0
1620750343333,403,HTTP Request,200,OK,Users 1-4,text,true,,367,155,14,14,http://localhost:8080/?token=466636606&user=1964509942&conf=3,403,0,0
1620750343736,402,HTTP Request,200,OK,Users 1-11,text,true,,367,155,14,14,http://localhost:8080/?token=466636606&user=1964509942&conf=3,402,0,0
1620750343963,454,HTTP Request,200,OK,Users 1-13,text,true,,367,155,14,14,http://localhost:8080/?token=466636606&user=1964509942&conf=3,454,0,0
1620750344064,397,HTTP Request,200,OK,Users 1-10,text,true,,367,155,14,14,http://localhost:8080/?token=466636606&user=1964509942&conf=3,397,0,0
1620750344453,389,HTTP Request,200,OK,Users 1-5,text,true,,367,155,14,14,http://localhost:8080/?token=466636606&user=1964509942&conf=3,389,0,0
1620750344480,396,HTTP Request,200,OK,Users 1-2,text,true,,367,155,14,14,http://localhost:8080/?token=466636606&user=1964509942&conf=3,396,0,0
1620750344504,393,HTTP Request,200,OK,Users 1-1,text,true,,367,155,14,14,http://localhost:8080/?token=466636606&user=1964509942&conf=3,393,0,0
1620750344526,401,HTTP Request,200,OK,Users 1-9,text,true,,367,155,14,14,http://localhost:8080/?token=466636606&user=1964509942&conf=3,401,0,0
1620750344637,396,HTTP Request,200,OK,Users 1-6,text,true,,367,155,14,14,http://localhost:8080/?token=466636606&user=1964509942&conf=3,396,0,0
1620750344646,398,HTTP Request,200,OK,Users 1-3,text,true,,367,155,14,14,http://localhost:8080/?token=466636606&user=1964509942&conf=3,398,0,0
1620750344648,398,HTTP Request,200,OK,Users 1-12,text,true,,367,155,14,14,http://localhost:8080/?token=466636606&user=1964509942&conf=3,398,0,0
1620750344778,404,HTTP Request,200,OK,Users 1-8,text,true,,367,155,14,14,http://localhost:8080/?token=466636606&user=1964509942&conf=3,404,0,0
1620750344786,418,HTTP Request,200,OK,Users 1-14,text,true,,367,155,14,14,http://localhost:8080/?token=466636606&user=1964509942&conf=3,418,0,0
1620750344832,403,HTTP Request,200,OK,Users 1-4,text,true,,367,155,14,14,http://localhost:8080/?token=466636606&user=1964509942&conf=3,403,0,0
1620750344814,421,HTTP Request,200,OK,Users 1-7,text,true,,367,155,14,14,http://localhost:8080/?token=466636606&user=1964509942&conf=3,421,0,0
1620750345236,405,HTTP Request,200,OK,Users 1-11,text,true,,367,155,14,14,http://localhost:8080/?token=466636606&user=1964509942&conf=3,405,0,0
1620750345465,401,HTTP Request,200,OK,Users 1-13,text,true,,367,155,14,14,http://localhost:8080/?token=466636606&user=1964509942&conf=3,401,0,0
1620750345564,408,HTTP Request,200,OK,Users 1-10,text,true,,367,155,14,14,http://localhost:8080/?token=466636606&user=1964509942&conf=3,408,0,0
1620750345953,426,HTTP Request,200,OK,Users 1-5,text,true,,367,155,14,14,http://localhost:8080/?token=466636606&user=1964509942&conf=3,426,0,0
1620750345980,401,HTTP Request,200,OK,Users 1-2,text,true,,367,155,14,14,http://localhost:8080/?token=466636606&user=1964509942&conf=3,401,0,0
1620750346008,394,HTTP Request,200,OK,Users 1-1,text,true,,367,155,14,14,http://localhost:8080/?token=466636606&user=1964509942&conf=3,394,0,0
1620750346023,393,HTTP Request,200,OK,Users 1-9,text,true,,367,155,14,14,http://localhost:8080/?token=466636606&user=1964509942&conf=3,393,0,0
1620750346138,398,HTTP Request,200,OK,Users 1-6,text,true,,367,155,14,14,http://localhost:8080/?token=466636606&user=1964509942&conf=3,398,0,0
1620750346147,397,HTTP Request,200,OK,Users 1-3,text,true,,367,155,14,14,http://localhost:8080/?token=466636606&user=1964509942&conf=3,397,0,0
1620750346147,397,HTTP Request,200,OK,Users 1-12,text,true,,367,155,14,14,http://localhost:8080/?token=466636606&user=1964509942&conf=3,397,0,0
1620750346278,398,HTTP Request,200,OK,Users 1-8,text,true,,367,155,14,14,http://localhost:8080/?token=466636606&user=1964509942&conf=3,398,0,0
1620750346286,407,HTTP Request,200,OK,Users 1-14,text,true,,367,155,14,14,http://localhost:8080/?token=466636606&user=1964509942&conf=3,407,0,0
1620750346312,407,HTTP Request,200,OK,Users 1-7,text,true,,367,155,14,14,http://localhost:8080/?token=466636606&user=1964509942&conf=3,407,0,0
1620750346333,412,HTTP Request,200,OK,Users 1-4,text,true,,367,155,14,14,http://localhost:8080/?token=466636606&user=1964509942&conf=3,412,0,0
1620750346738,403,HTTP Request,200,OK,Users 1-11,text,true,,367,155,14,14,http://localhost:8080/?token=466636606&user=1964509942&conf=3,403,0,0
1620750346962,405,HTTP Request,200,OK,Users 1-13,text,true,,367,155,14,14,http://localhost:8080/?token=466636606&user=1964509942&conf=3,405,0,0
1620750347065,399,HTTP Request,200,OK,Users 1-10,text,true,,367,155,14,14,http://localhost:8080/?token=466636606&user=1964509942&conf=3,399,0,0
1620750347456,392,HTTP Request,200,OK,Users 1-5,text,true,,367,155,14,14,http://localhost:8080/?token=466636606&user=1964509942&conf=3,392,0,0
1620750347479,395,HTTP Request,200,OK,Users 1-2,text,true,,367,155,14,14,http://localhost:8080/?token=466636606&user=1964509942&conf=3,394,0,0
1620750347504,400,HTTP Request,200,OK,Users 1-1,text,true,,367,155,14,14,http://localhost:8080/?token=466636606&user=1964509942&conf=3,400,0,0
1620750347525,392,HTTP Request,200,OK,Users 1-9,text,true,,367,155,14,14,http://localhost:8080/?token=466636606&user=1964509942&conf=3,392,0,0
1620750347637,406,HTTP Request,200,OK,Users 1-6,text,true,,367,155,14,14,http://localhost:8080/?token=466636606&user=1964509942&conf=3,406,0,0
1620750347644,401,HTTP Request,200,OK,Users 1-3,text,true,,367,155,14,14,http://localhost:8080/?token=466636606&user=1964509942&conf=3,401,0,0
1620750347648,397,HTTP Request,200,OK,Users 1-12,text,true,,367,155,14,14,http://localhost:8080/?token=466636606&user=1964509942&conf=3,397,0,0
1620750347778,397,HTTP Request,200,OK,Users 1-8,text,true,,367,155,14,14,http://localhost:8080/?token=466636606&user=1964509942&conf=3,397,0,0
1620750347787,401,HTTP Request,200,OK,Users 1-14,text,true,,367,155,14,14,http://localhost:8080/?token=466636606&user=1964509942&conf=3,401,0,0
1620750347814,401,HTTP Request,200,OK,Users 1-7,text,true,,367,155,14,14,http://localhost:8080/?token=466636606&user=1964509942&conf=3,401,0,0
1620750347832,400,HTTP Request,200,OK,Users 1-4,text,true,,367,155,14,14,http://localhost:8080/?token=466636606&user=1964509942&conf=3,400,0,0
1620750348232,403,HTTP Request,200,OK,Users 1-11,text,true,,367,155,14,14,http://localhost:8080/?token=466636606&user=1964509942&conf=3,403,0,0
1620750348565,401,HTTP Request,200,OK,Users 1-10,text,true,,367,155,14,14,http://localhost:8080/?token=466636606&user=1964509942&conf=3,401,0,0
1620750348465,501,HTTP Request,200,OK,Users 1-13,text,true,,367,155,14,14,http://localhost:8080/?token=466636606&user=1964509942&conf=3,501,0,0
1620750348954,398,HTTP Request,200,OK,Users 1-5,text,true,,367,155,14,14,http://localhost:8080/?token=466636606&user=1964509942&conf=3,398,0,0
1620750348980,392,HTTP Request,200,OK,Users 1-2,text,true,,367,155,14,14,http://localhost:8080/?token=466636606&user=1964509942&conf=3,392,0,0
1620750349007,395,HTTP Request,200,OK,Users 1-1,text,true,,367,155,14,14,http://localhost:8080/?token=466636606&user=1964509942&conf=3,395,0,0
1620750349025,423,HTTP Request,200,OK,Users 1-9,text,true,,367,155,14,14,http://localhost:8080/?token=466636606&user=1964509942&conf=3,423,0,0
1620750349136,415,HTTP Request,200,OK,Users 1-6,text,true,,367,155,14,14,http://localhost:8080/?token=466636606&user=1964509942&conf=3,415,0,0
1620750349147,405,HTTP Request,200,OK,Users 1-3,text,true,,367,155,14,14,http://localhost:8080/?token=466636606&user=1964509942&conf=3,405,0,0
1620750349151,401,HTTP Request,200,OK,Users 1-12,text,true,,367,155,14,14,http://localhost:8080/?token=466636606&user=1964509942&conf=3,401,0,0
1620750349279,406,HTTP Request,200,OK,Users 1-8,text,true,,367,155,14,14,http://localhost:8080/?token=466636606&user=1964509942&conf=3,406,0,0
1620750349289,404,HTTP Request,200,OK,Users 1-14,text,true,,367,155,14,14,http://localhost:8080/?token=466636606&user=1964509942&conf=3,404,0,0
1620750349313,410,HTTP Request,200,OK,Users 1-7,text,true,,367,155,14,14,http://localhost:8080/?token=466636606&user=1964509942&conf=3,410,0,0
1620750349333,404,HTTP Request,200,OK,Users 1-4,text,true,,367,155,14,14,http://localhost:8080/?token=466636606&user=1964509942&conf=3,404,0,0
1620750349737,402,HTTP Request,200,OK,Users 1-11,text,true,,367,155,14,14,http://localhost:8080/?token=466636606&user=1964509942&conf=3,402,0,0
1620750349963,410,HTTP Request,200,OK,Users 1-13,text,true,,367,155,14,14,http://localhost:8080/?token=466636606&user=1964509942&conf=3,410,0,0
1620750350061,402,HTTP Request,200,OK,Users 1-10,text,true,,367,155,14,14,http://localhost:8080/?token=466636606&user=1964509942&conf=3,402,0,0
1620750350458,404,HTTP Request,200,OK,Users 1-5,text,true,,367,155,14,14,http://localhost:8080/?token=466636606&user=1964509942&conf=3,404,0,0
1620750350480,390,HTTP Request,200,OK,Users 1-2,text,true,,367,155,14,14,http://localhost:8080/?token=466636606&user=1964509942&conf=3,390,0,0
1620750350525,406,HTTP Request,200,OK,Users 1-9,text,true,,367,155,14,14,http://localhost:8080/?token=466636606&user=1964509942&conf=3,406,0,0
1620750350505,426,HTTP Request,200,OK,Users 1-1,text,true,,367,155,14,14,http://localhost:8080/?token=466636606&user=1964509942&conf=3,426,0,0
1620750350644,401,HTTP Request,200,OK,Users 1-3,text,true,,367,155,14,14,http://localhost:8080/?token=466636606&user=1964509942&conf=3,401,0,0
1620750350649,398,HTTP Request,200,OK,Users 1-12,text,true,,367,155,14,14,http://localhost:8080/?token=466636606&user=1964509942&conf=3,398,0,0
1620750350638,409,HTTP Request,200,OK,Users 1-6,text,true,,367,155,14,14,http://localhost:8080/?token=466636606&user=1964509942&conf=3,409,0,0
1620750350779,398,HTTP Request,200,OK,Users 1-8,text,true,,367,155,14,14,http://localhost:8080/?token=466636606&user=1964509942&conf=3,398,0,0
1620750350789,399,HTTP Request,200,OK,Users 1-14,text,true,,367,155,14,14,http://localhost:8080/?token=466636606&user=1964509942&conf=3,399,0,0
1620750350816,399,HTTP Request,200,OK,Users 1-7,text,true,,367,155,14,14,http://localhost:8080/?token=466636606&user=1964509942&conf=3,399,0,0
1620750350834,404,HTTP Request,200,OK,Users 1-4,text,true,,367,155,14,14,http://localhost:8080/?token=466636606&user=1964509942&conf=3,404,0,0
1620750351233,402,HTTP Request,200,OK,Users 1-11,text,true,,367,155,14,14,http://localhost:8080/?token=466636606&user=1964509942&conf=3,402,0,0
1620750351466,411,HTTP Request,200,OK,Users 1-13,text,true,,367,155,14,14,http://localhost:8080/?token=466636606&user=1964509942&conf=3,410,0,0
1620750351566,408,HTTP Request,200,OK,Users 1-10,text,true,,367,155,14,14,http://localhost:8080/?token=466636606&user=1964509942&conf=3,408,0,0
1620750351962,404,HTTP Request,200,OK,Users 1-5,text,true,,367,155,14,14,http://localhost:8080/?token=466636606&user=1964509942&conf=3,404,0,0
1620750351982,413,HTTP Request,200,OK,Users 1-2,text,true,,367,155,14,14,http://localhost:8080/?token=466636606&user=1964509942&conf=3,413,0,0
1620750352005,390,HTTP Request,200,OK,Users 1-1,text,true,,367,155,14,14,http://localhost:8080/?token=466636606&user=1964509942&conf=3,390,0,0
1620750352027,393,HTTP Request,200,OK,Users 1-9,text,true,,367,155,14,14,http://localhost:8080/?token=466636606&user=1964509942&conf=3,393,0,0
1620750352139,394,HTTP Request,200,OK,Users 1-6,text,true,,367,155,14,14,http://localhost:8080/?token=466636606&user=1964509942&conf=3,394,0,0
1620750352147,394,HTTP Request,200,OK,Users 1-3,text,true,,367,155,14,14,http://localhost:8080/?token=466636606&user=1964509942&conf=3,394,0,0
1620750352149,404,HTTP Request,200,OK,Users 1-12,text,true,,367,155,14,14,http://localhost:8080/?token=466636606&user=1964509942&conf=3,404,0,0
1620750352288,403,HTTP Request,200,OK,Users 1-14,text,true,,367,155,14,14,http://localhost:8080/?token=466636606&user=1964509942&conf=3,403,0,0
1620750352278,413,HTTP Request,200,OK,Users 1-8,text,true,,367,155,14,14,http://localhost:8080/?token=466636606&user=1964509942&conf=3,413,0,0
1620750352312,399,HTTP Request,200,OK,Users 1-7,text,true,,367,155,14,14,http://localhost:8080/?token=466636606&user=1964509942&conf=3,399,0,0
1620750352331,400,HTTP Request,200,OK,Users 1-4,text,true,,367,155,14,14,http://localhost:8080/?token=466636606&user=1964509942&conf=3,400,0,0
1620750352737,400,HTTP Request,200,OK,Users 1-11,text,true,,367,155,14,14,http://localhost:8080/?token=466636606&user=1964509942&conf=3,400,0,0
1620750352967,401,HTTP Request,200,OK,Users 1-13,text,true,,367,155,14,14,http://localhost:8080/?token=466636606&user=1964509942&conf=3,401,0,0
1620750353066,397,HTTP Request,200,OK,Users 1-10,text,true,,367,155,14,14,http://localhost:8080/?token=466636606&user=1964509942&conf=3,397,0,0
1620750353458,389,HTTP Request,200,OK,Users 1-5,text,true,,367,155,14,14,http://localhost:8080/?token=466636606&user=1964509942&conf=3,389,0,0
1620750353482,399,HTTP Request,200,OK,Users 1-2,text,true,,367,155,14,14,http://localhost:8080/?token=466636606&user=1964509942&conf=3,399,0,0
1620750353509,398,HTTP Request,200,OK,Users 1-1,text,true,,367,155,14,14,http://localhost:8080/?token=466636606&user=1964509942&conf=3,398,0,0
1620750353528,392,HTTP Request,200,OK,Users 1-9,text,true,,367,155,14,14,http://localhost:8080/?token=466636606&user=1964509942&conf=3,392,0,0
1620750353651,411,HTTP Request,200,OK,Users 1-12,text,true,,367,155,14,14,http://localhost:8080/?token=466636606&user=1964509942&conf=3,411,0,0
1620750353640,422,HTTP Request,200,OK,Users 1-6,text,true,,367,155,14,14,http://localhost:8080/?token=466636606&user=1964509942&conf=3,422,0,0
1620750353648,414,HTTP Request,200,OK,Users 1-3,text,true,,367,155,14,14,http://localhost:8080/?token=466636606&user=1964509942&conf=3,414,0,0
1620750353779,400,HTTP Request,200,OK,Users 1-8,text,true,,367,155,14,14,http://localhost:8080/?token=466636606&user=1964509942&conf=3,400,0,0
1620750353789,428,HTTP Request,200,OK,Users 1-14,text,true,,367,155,14,14,http://localhost:8080/?token=466636606&user=1964509942&conf=3,428,0,0
1620750353816,411,HTTP Request,200,OK,Users 1-7,text,true,,367,155,14,14,http://localhost:8080/?token=466636606&user=1964509942&conf=3,411,0,0
1620750353833,407,HTTP Request,200,OK,Users 1-4,text,true,,367,155,14,14,http://localhost:8080/?token=466636606&user=1964509942&conf=3,407,0,0
1620750354235,402,HTTP Request,200,OK,Users 1-11,text,true,,367,155,14,14,http://localhost:8080/?token=466636606&user=1964509942&conf=3,402,0,0
1620750354467,403,HTTP Request,200,OK,Users 1-13,text,true,,367,155,14,14,http://localhost:8080/?token=466636606&user=1964509942&conf=3,403,0,0
1620750354560,413,HTTP Request,200,OK,Users 1-10,text,true,,367,155,14,14,http://localhost:8080/?token=466636606&user=1964509942&conf=3,413,0,0
1620750354957,391,HTTP Request,200,OK,Users 1-5,text,true,,367,155,14,14,http://localhost:8080/?token=466636606&user=1964509942&conf=3,391,0,0
1620750354977,393,HTTP Request,200,OK,Users 1-2,text,true,,367,155,14,14,http://localhost:8080/?token=466636606&user=1964509942&conf=3,393,0,0
1620750355005,397,HTTP Request,200,OK,Users 1-1,text,true,,367,155,14,14,http://localhost:8080/?token=466636606&user=1964509942&conf=3,397,0,0
1620750355027,408,HTTP Request,200,OK,Users 1-9,text,true,,367,155,14,14,http://localhost:8080/?token=466636606&user=1964509942&conf=3,408,0,0
1620750355139,398,HTTP Request,200,OK,Users 1-6,text,true,,367,155,14,14,http://localhost:8080/?token=466636606&user=1964509942&conf=3,398,0,0
1620750355144,415,HTTP Request,200,OK,Users 1-3,text,true,,367,155,14,14,http://localhost:8080/?token=466636606&user=1964509942&conf=3,415,0,0
1620750355148,411,HTTP Request,200,OK,Users 1-12,text,true,,367,155,14,14,http://localhost:8080/?token=466636606&user=1964509942&conf=3,411,0,0
1620750355278,400,HTTP Request,200,OK,Users 1-8,text,true,,367,155,14,14,http://localhost:8080/?token=466636606&user=1964509942&conf=3,400,0,0
1620750355288,396,HTTP Request,200,OK,Users 1-14,text,true,,367,155,14,14,http://localhost:8080/?token=466636606&user=1964509942&conf=3,396,0,0
1620750355315,402,HTTP Request,200,OK,Users 1-7,text,true,,367,155,14,14,http://localhost:8080/?token=466636606&user=1964509942&conf=3,402,0,0
1620750355334,407,HTTP Request,200,OK,Users 1-4,text,true,,367,155,14,14,http://localhost:8080/?token=466636606&user=1964509942&conf=3,407,0,0
1620750355732,401,HTTP Request,200,OK,Users 1-11,text,true,,367,155,14,14,http://localhost:8080/?token=466636606&user=1964509942&conf=3,401,0,0
1620750355965,434,HTTP Request,200,OK,Users 1-13,text,true,,367,155,14,14,http://localhost:8080/?token=466636606&user=1964509942&conf=3,434,0,0
1620750356062,398,HTTP Request,200,OK,Users 1-10,text,true,,367,155,14,14,http://localhost:8080/?token=466636606&user=1964509942&conf=3,398,0,0
1620750356452,460,HTTP Request,200,OK,Users 1-5,text,true,,367,155,14,14,http://localhost:8080/?token=466636606&user=1964509942&conf=3,460,0,0
1620750356479,435,HTTP Request,200,OK,Users 1-2,text,true,,367,155,14,14,http://localhost:8080/?token=466636606&user=1964509942&conf=3,435,0,0
1620750356504,412,HTTP Request,200,OK,Users 1-1,text,true,,367,155,14,14,http://localhost:8080/?token=466636606&user=1964509942&conf=3,412,0,0
1620750356527,398,HTTP Request,200,OK,Users 1-9,text,true,,367,155,14,14,http://localhost:8080/?token=466636606&user=1964509942&conf=3,398,0,0
1620750356640,395,HTTP Request,200,OK,Users 1-6,text,true,,367,155,14,14,http://localhost:8080/?token=466636606&user=1964509942&conf=3,395,0,0
1620750356645,395,HTTP Request,200,OK,Users 1-3,text,true,,367,155,14,14,http://localhost:8080/?token=466636606&user=1964509942&conf=3,395,0,0
1620750356648,398,HTTP Request,200,OK,Users 1-12,text,true,,367,155,14,14,http://localhost:8080/?token=466636606&user=1964509942&conf=3,398,0,0
1620750356778,397,HTTP Request,200,OK,Users 1-8,text,true,,367,155,14,14,http://localhost:8080/?token=466636606&user=1964509942&conf=3,397,0,0
1620750356788,400,HTTP Request,200,OK,Users 1-14,text,true,,367,155,14,14,http://localhost:8080/?token=466636606&user=1964509942&conf=3,400,0,0
1620750356814,406,HTTP Request,200,OK,Users 1-7,text,true,,367,155,14,14,http://localhost:8080/?token=466636606&user=1964509942&conf=3,406,0,0
1620750356830,404,HTTP Request,200,OK,Users 1-4,text,true,,367,155,14,14,http://localhost:8080/?token=466636606&user=1964509942&conf=3,404,0,0
1620750357236,47,HTTP Request,Non HTTP response code: java.net.SocketException,Non HTTP response message: Socket closed,Users 1-11,text,false,,2667,0,1,1,http://localhost:8080/?token=466636606&user=1964509942&conf=3,0,0,0
